{
  "project_info": {
    "project_number": "792014575173",
    "firebase_url": "https://trylingual-0001.firebaseio.com",
    "project_id": "trylingual-0001",
    "storage_bucket": "trylingual-0001.appspot.com"
  },
  "client": [
    {
      "client_info": {
        "mobilesdk_app_id": "1:792014575173:android:0306af7d087c0d35",
        "android_client_info": {
          "package_name": "app.trylingual"
        }
      },
      "oauth_client": [
        {
          "client_id": "792014575173-odm1ecdlo51ercbebfubn9uisdlsf9u1.apps.googleusercontent.com",
          "client_type": 3
        }
      ],
      "api_key": [
        {
          "current_key": "AIzaSyCLUbpThm8PRIbNzcdZiFrjwGCNkbV9drk"
        }
      ],
      "services": {
        "analytics_service": {
          "status": 1
        },
        "appinvite_service": {
          "status": 1,
          "other_platform_oauth_client": []
        },
        "ads_service": {
          "status": 2
        }
      }
    }
  ],
  "configuration_version": "1"
}